Method,Job,AnalyzeLaunchVariance,EvaluateOverhead,MaxAbsoluteError,MaxRelativeError,MinInvokeCount,MinIterationTime,OutlierMode,Affinity,EnvironmentVariables,Jit,Platform,PowerPlanMode,Runtime,AllowVeryLargeObjects,Concurrent,CpuGroups,Force,HeapAffinitizeMask,HeapCount,NoAffinitize,RetainVm,Server,Arguments,BuildConfiguration,Clock,EngineFactory,NuGetReferences,Toolchain,IsMutator,InvocationCount,IterationCount,IterationTime,LaunchCount,MaxIterationCount,MaxWarmupIterationCount,MemoryRandomization,MinIterationCount,MinWarmupIterationCount,RunStrategy,UnrollFactor,WarmupCount,Rows,Mean,Error,StdDev,Min,Max,Q1,Q3,Iterations,Rank
RunExport,Job-ROYBJX,False,Default,Default,Default,Default,Default,Default,11111111,Empty,RyuJit,X64,8c5e7fda-e8bf-4a96-9a85-a6e23a8c635c,.NET 6.0,False,True,False,True,Default,Default,False,False,False,Default,Default,Default,Default,Default,Default,Default,1,Default,Default,Default,5,Default,Default,4,Default,Default,1,Default,500000,28.18 s,22.919 s,5.952 s,23.41 s,35.81 s,24.11 s,33.46 s,5.000,1
RunExport,Job-ROYBJX,False,Default,Default,Default,Default,Default,Default,11111111,Empty,RyuJit,X64,8c5e7fda-e8bf-4a96-9a85-a6e23a8c635c,.NET 6.0,False,True,False,True,Default,Default,False,False,False,Default,Default,Default,Default,Default,Default,Default,1,Default,Default,Default,5,Default,Default,4,Default,Default,1,Default,1000000,84.02 s,8.328 s,2.163 s,80.68 s,85.67 s,82.97 s,85.44 s,5.000,2
RunExport,Job-ROYBJX,False,Default,Default,Default,Default,Default,Default,11111111,Empty,RyuJit,X64,8c5e7fda-e8bf-4a96-9a85-a6e23a8c635c,.NET 6.0,False,True,False,True,Default,Default,False,False,False,Default,Default,Default,Default,Default,Default,Default,1,Default,Default,Default,5,Default,Default,4,Default,Default,1,Default,1500000,146.42 s,19.738 s,5.126 s,139.16 s,153.14 s,145.34 s,148.79 s,5.000,3
RunExport,Job-ROYBJX,False,Default,Default,Default,Default,Default,Default,11111111,Empty,RyuJit,X64,8c5e7fda-e8bf-4a96-9a85-a6e23a8c635c,.NET 6.0,False,True,False,True,Default,Default,False,False,False,Default,Default,Default,Default,Default,Default,Default,1,Default,Default,Default,5,Default,Default,4,Default,Default,1,Default,2000000,216.51 s,12.246 s,3.180 s,212.57 s,220.45 s,214.74 s,218.92 s,5.000,4
