Method,Job,AnalyzeLaunchVariance,EvaluateOverhead,MaxAbsoluteError,MaxRelativeError,MinInvokeCount,MinIterationTime,OutlierMode,Affinity,EnvironmentVariables,Jit,Platform,PowerPlanMode,Runtime,AllowVeryLargeObjects,Concurrent,CpuGroups,Force,HeapAffinitizeMask,HeapCount,NoAffinitize,RetainVm,Server,Arguments,BuildConfiguration,Clock,EngineFactory,NuGetReferences,Toolchain,IsMutator,InvocationCount,IterationCount,IterationTime,LaunchCount,MaxIterationCount,MaxWarmupIterationCount,MemoryRandomization,MinIterationCount,MinWarmupIterationCount,RunStrategy,UnrollFactor,WarmupCount,Rows,Mean,Error,StdDev,Min,Max,Q1,Q3,Iterations,Rank
RunExport,Job-FLRCMC,False,Default,Default,Default,Default,Default,Default,11111111,Empty,RyuJit,X64,8c5e7fda-e8bf-4a96-9a85-a6e23a8c635c,.NET 6.0,False,True,False,True,Default,Default,False,False,False,Default,Default,Default,Default,Default,Default,Default,1,Default,Default,Default,5,Default,Default,4,Default,Default,1,Default,500000,16.66 s,2.126 s,0.552 s,16.15 s,17.51 s,16.34 s,16.92 s,5.000,1
RunExport,Job-FLRCMC,False,Default,Default,Default,Default,Default,Default,11111111,Empty,RyuJit,X64,8c5e7fda-e8bf-4a96-9a85-a6e23a8c635c,.NET 6.0,False,True,False,True,Default,Default,False,False,False,Default,Default,Default,Default,Default,Default,Default,1,Default,Default,Default,5,Default,Default,4,Default,Default,1,Default,1000000,31.97 s,12.965 s,2.006 s,29.93 s,34.72 s,31.03 s,32.56 s,4.000,2
RunExport,Job-FLRCMC,False,Default,Default,Default,Default,Default,Default,11111111,Empty,RyuJit,X64,8c5e7fda-e8bf-4a96-9a85-a6e23a8c635c,.NET 6.0,False,True,False,True,Default,Default,False,False,False,Default,Default,Default,Default,Default,Default,Default,1,Default,Default,Default,5,Default,Default,4,Default,Default,1,Default,1500000,51.44 s,2.407 s,0.625 s,50.76 s,52.39 s,51.03 s,51.60 s,5.000,3
RunExport,Job-FLRCMC,False,Default,Default,Default,Default,Default,Default,11111111,Empty,RyuJit,X64,8c5e7fda-e8bf-4a96-9a85-a6e23a8c635c,.NET 6.0,False,True,False,True,Default,Default,False,False,False,Default,Default,Default,Default,Default,Default,Default,1,Default,Default,Default,5,Default,Default,4,Default,Default,1,Default,2000000,69.26 s,21.375 s,5.551 s,60.12 s,74.12 s,68.15 s,72.29 s,5.000,4
