Method,Job,AnalyzeLaunchVariance,EvaluateOverhead,MaxAbsoluteError,MaxRelativeError,MinInvokeCount,MinIterationTime,OutlierMode,Affinity,EnvironmentVariables,Jit,Platform,PowerPlanMode,Runtime,AllowVeryLargeObjects,Concurrent,CpuGroups,Force,HeapAffinitizeMask,HeapCount,NoAffinitize,RetainVm,Server,Arguments,BuildConfiguration,Clock,EngineFactory,NuGetReferences,Toolchain,IsMutator,InvocationCount,IterationCount,IterationTime,LaunchCount,MaxIterationCount,MaxWarmupIterationCount,MemoryRandomization,MinIterationCount,MinWarmupIterationCount,RunStrategy,UnrollFactor,WarmupCount,Rows,Mean,Error,StdDev,Min,Max,Q1,Q3,Iterations,Rank
RunExport,Job-UVJIMU,False,Default,Default,Default,Default,Default,Default,11111111,Empty,RyuJit,X64,8c5e7fda-e8bf-4a96-9a85-a6e23a8c635c,.NET 6.0,False,True,False,True,Default,Default,False,False,False,Default,Default,Default,Default,Default,Default,Default,1,Default,Default,Default,5,Default,Default,4,Default,Default,1,Default,500000,44.38 s,2.531 s,0.392 s,43.88 s,44.74 s,44.18 s,44.67 s,4.000,1
RunExport,Job-UVJIMU,False,Default,Default,Default,Default,Default,Default,11111111,Empty,RyuJit,X64,8c5e7fda-e8bf-4a96-9a85-a6e23a8c635c,.NET 6.0,False,True,False,True,Default,Default,False,False,False,Default,Default,Default,Default,Default,Default,Default,1,Default,Default,Default,5,Default,Default,4,Default,Default,1,Default,1000000,243.51 s,53.349 s,8.256 s,231.26 s,248.56 s,242.22 s,248.40 s,4.000,2
RunExport,Job-UVJIMU,False,Default,Default,Default,Default,Default,Default,11111111,Empty,RyuJit,X64,8c5e7fda-e8bf-4a96-9a85-a6e23a8c635c,.NET 6.0,False,True,False,True,Default,Default,False,False,False,Default,Default,Default,Default,Default,Default,Default,1,Default,Default,Default,5,Default,Default,4,Default,Default,1,Default,1500000,679.08 s,91.796 s,14.206 s,659.20 s,690.04 s,673.69 s,688.92 s,4.000,3
RunExport,Job-UVJIMU,False,Default,Default,Default,Default,Default,Default,11111111,Empty,RyuJit,X64,8c5e7fda-e8bf-4a96-9a85-a6e23a8c635c,.NET 6.0,False,True,False,True,Default,Default,False,False,False,Default,Default,Default,Default,Default,Default,Default,1,Default,Default,Default,5,Default,Default,4,Default,Default,1,Default,2000000,"2,329.70 s",941.600 s,244.530 s,"2,118.33 s","2,671.07 s","2,128.76 s","2,497.61 s",5.000,4
