Method,Job,AnalyzeLaunchVariance,EvaluateOverhead,MaxAbsoluteError,MaxRelativeError,MinInvokeCount,MinIterationTime,OutlierMode,Affinity,EnvironmentVariables,Jit,Platform,PowerPlanMode,Runtime,AllowVeryLargeObjects,Concurrent,CpuGroups,Force,HeapAffinitizeMask,HeapCount,NoAffinitize,RetainVm,Server,Arguments,BuildConfiguration,Clock,EngineFactory,NuGetReferences,Toolchain,IsMutator,InvocationCount,IterationCount,IterationTime,LaunchCount,MaxIterationCount,MaxWarmupIterationCount,MemoryRandomization,MinIterationCount,MinWarmupIterationCount,RunStrategy,UnrollFactor,WarmupCount,Rows,Mean,Error,StdDev,Min,Max,Q1,Q3,Iterations,Rank
RunExport,Job-FWDKWS,False,Default,Default,Default,Default,Default,Default,11111111,Empty,RyuJit,X64,8c5e7fda-e8bf-4a96-9a85-a6e23a8c635c,.NET 6.0,False,True,False,True,Default,Default,False,False,False,Default,Default,Default,Default,Default,Default,Default,1,Default,Default,Default,5,Default,Default,4,Default,Default,1,Default,500000,21.07 s,1.290 s,0.200 s,20.82 s,21.26 s,20.97 s,21.22 s,4.000,1
RunExport,Job-FWDKWS,False,Default,Default,Default,Default,Default,Default,11111111,Empty,RyuJit,X64,8c5e7fda-e8bf-4a96-9a85-a6e23a8c635c,.NET 6.0,False,True,False,True,Default,Default,False,False,False,Default,Default,Default,Default,Default,Default,Default,1,Default,Default,Default,5,Default,Default,4,Default,Default,1,Default,1000000,44.76 s,15.708 s,4.079 s,40.89 s,49.20 s,41.69 s,49.12 s,5.000,2
RunExport,Job-FWDKWS,False,Default,Default,Default,Default,Default,Default,11111111,Empty,RyuJit,X64,8c5e7fda-e8bf-4a96-9a85-a6e23a8c635c,.NET 6.0,False,True,False,True,Default,Default,False,False,False,Default,Default,Default,Default,Default,Default,Default,1,Default,Default,Default,5,Default,Default,4,Default,Default,1,Default,1500000,69.80 s,12.550 s,3.259 s,64.20 s,72.28 s,70.04 s,71.86 s,5.000,3
RunExport,Job-FWDKWS,False,Default,Default,Default,Default,Default,Default,11111111,Empty,RyuJit,X64,8c5e7fda-e8bf-4a96-9a85-a6e23a8c635c,.NET 6.0,False,True,False,True,Default,Default,False,False,False,Default,Default,Default,Default,Default,Default,Default,1,Default,Default,Default,5,Default,Default,4,Default,Default,1,Default,2000000,91.29 s,10.599 s,1.640 s,89.06 s,92.74 s,90.58 s,92.39 s,4.000,4
